year,ID_01,province ENG,method,planting area(rai),harvesting area (rai),production (ton),yield (Kg/rai) plant,yield (Kg/rai) harvest,amount Seeds (tons),seed utilization rate per rai (Kg/rai)
2012,1,Amnat Charoen,Transplant,750131,619224,205359,274,332,4891,6.52
2012,1,Amnat Charoen,DryBroadcast,276480,229041,70525,255,308,3467,12.54
2012,1,Amnat Charoen,PlacingMachine,3290,2640,743,226,281,24,7.29
2012,2,Ang Thong,Transplant,5806,5755,3843,662,668,72,12.4
2012,2,Ang Thong,WetBroadcast,326661,326347,219169,671,672,9601,29.39
2012,2,Ang Thong,DryBroadcast,13139,13018,7742,589,595,383,29.15
2012,46,Ayutthaya,Transplant,1143,1130,799,699,707,15,13.12
2012,46,Ayutthaya,WetBroadcast,808105,795033,534332,661,672,22999,28.46
2012,46,Ayutthaya,DryBroadcast,150510,145485,81637,542,561,4646,30.87
2012,3,Bangkok Metropolis,Transplant,595,588,424,713,721,6,10.08
2012,3,Bangkok Metropolis,WetBroadcast,112707,111932,75938,674,678,3119,27.67
2012,4,Bueng Kan,Transplant,487410,402170,131741,270,328,2871,5.89
2012,4,Bueng Kan,WetBroadcast,11451,9280,2981,260,321,129,11.27
2012,4,Bueng Kan,DryBroadcast,56525,45152,12708,225,281,487,8.62
2012,5,Buri Ram,Transplant,1261425,1080895,442466,351,409,9385,7.44
2012,5,Buri Ram,WetBroadcast,20013,16895,6618,331,392,434,21.69
2012,5,Buri Ram,DryBroadcast,1774983,1542981,547891,309,355,45386,25.57
2012,6,Chachoengsao,Transplant,25026,24062,15906,636,661,253,10.11
2012,6,Chachoengsao,WetBroadcast,603338,594406,389560,646,655,17684,29.31
2012,6,Chachoengsao,DryBroadcast,112282,106060,53383,475,503,2441,21.74
2012,7,Chai Nat,Transplant,27964,27867,18595,665,667,376,13.45
2012,7,Chai Nat,WetBroadcast,708012,705372,469430,663,666,19704,27.83
2012,7,Chai Nat,DryBroadcast,51617,51439,31351,607,609,1345,26.06
2012,8,Chaiyaphum,Transplant,926614,838172,333746,360,398,6681,7.21
2012,8,Chaiyaphum,WetBroadcast,20165,18313,6930,344,378,369,18.3
2012,8,Chaiyaphum,DryBroadcast,753839,690811,244009,324,353,12642,16.77
2012,8,Chaiyaphum,PlacingMachine,11831,10400,3876,328,373,108,9.13
2012,9,Chanthaburi,Transplant,14702,14702,5554,378,378,152,10.34
2012,9,Chanthaburi,WetBroadcast,9735,9735,3518,361,361,172,17.67
2012,9,Chanthaburi,DryBroadcast,1958,1958,643,328,328,31,15.83
2012,10,Chiang Mai,Transplant,429222,417790,282284,658,676,4511,10.51
2012,10,Chiang Mai,WetBroadcast,34116,33610,22980,674,684,579,16.97
2012,10,Chiang Mai,DryBroadcast,12630,12465,8869,702,712,211,16.71
2012,10,Chiang Mai,PlacingMachine,21654,21371,7580,350,355,204,9.42
2012,11,Chiang Rai,Transplant,1194204,1185914,757615,634,639,10999,9.21
2012,11,Chiang Rai,WetBroadcast,56147,56129,35554,633,633,936,16.67
2012,11,Chiang Rai,DryBroadcast,66755,66243,31528,472,476,971,14.55
2012,11,Chiang Rai,PlacingMachine,34625,34101,13720,396,402,324,9.36
2012,12,Chon Buri,Transplant,21393,19751,10991,514,556,216,10.1
2012,12,Chon Buri,WetBroadcast,33684,31368,16218,481,517,849,25.2
2012,12,Chon Buri,DryBroadcast,30785,28132,11916,387,424,527,17.12
2012,13,Chumphon,Transplant,2812,2744,843,300,307,26,9.25
2012,13,Chumphon,WetBroadcast,3745,3688,1550,414,420,77,20.56
2012,13,Chumphon,PlacingMachine,302,299,105,348,351,3,9.93
2012,14,Kalasin,Transplant,1211508,999748,352597,291,353,9256,7.64
2012,14,Kalasin,WetBroadcast,173544,142650,49460,285,347,3542,20.41
2012,14,Kalasin,DryBroadcast,199199,159336,67609,339,424,3062,15.37
2012,15,Kamphaeng Phet,Transplant,88365,87869,48345,547,550,940,10.64
2012,15,Kamphaeng Phet,WetBroadcast,1323853,1311018,811728,613,619,36777,27.78
2012,15,Kamphaeng Phet,DryBroadcast,75383,74960,35700,474,476,2002,26.56
2012,16,Kanchanaburi,Transplant,27914,27472,18009,645,656,371,13.29
2012,16,Kanchanaburi,WetBroadcast,233707,232577,158684,679,682,6369,27.25
2012,16,Kanchanaburi,DryBroadcast,151657,146034,74023,488,507,3666,24.17
2012,16,Kanchanaburi,PlacingMachine,7155,5879,3112,435,529,52,7.27
2012,17,Khon Kaen,Transplant,1204834,987977,350309,291,355,8169,6.78
2012,17,Khon Kaen,WetBroadcast,55442,45435,16220,293,357,1079,19.46
2012,17,Khon Kaen,DryBroadcast,1308589,1069035,338070,258,316,21278,16.26
2012,17,Khon Kaen,PlacingMachine,6082,4855,1610,265,332,52,8.55
2012,18,Krabi,Transplant,2180,2180,783,359,359,12,5.5
2012,18,Krabi,PlacingMachine,1072,1072,342,319,319,6,5.6
2012,19,Lampang,Transplant,412961,403742,225604,546,559,4662,11.29
2012,19,Lampang,WetBroadcast,17908,17858,9549,533,535,267,14.91
2012,19,Lampang,DryBroadcast,5879,5810,3028,515,521,76,12.93
2012,19,Lampang,PlacingMachine,8514,8474,3469,407,409,90,10.57
2012,20,Lamphun,Transplant,104052,99261,63178,607,636,1035,9.95
2012,20,Lamphun,WetBroadcast,6041,5767,3444,570,597,82,13.57
2012,20,Lamphun,DryBroadcast,3453,3191,1286,372,403,51,14.77
2012,20,Lamphun,PlacingMachine,6122,5732,2217,362,387,59,9.64
2012,21,Loei,Transplant,378320,371530,145899,386,393,3980,10.52
2012,21,Loei,DryBroadcast,9259,9038,3211,347,355,116,12.53
2012,21,Loei,PlacingMachine,46593,45911,16056,345,350,558,11.98
2012,22,Lop Buri,Transplant,51843,51072,30094,580,589,629,12.13
2012,22,Lop Buri,WetBroadcast,541200,532816,315224,582,592,14493,26.78
2012,22,Lop Buri,DryBroadcast,145737,139267,58367,400,419,3394,23.29
2012,23,Mae Hong Son,Transplant,100172,98784,52499,524,531,1039,10.37
2012,23,Mae Hong Son,PlacingMachine,44215,43603,14294,323,328,567,12.82
2012,24,Maha Sarakham,Transplant,1215739,1005790,352097,290,350,8838,7.27
2012,24,Maha Sarakham,WetBroadcast,89538,73828,25932,290,351,2538,28.35
2012,24,Maha Sarakham,DryBroadcast,922472,742405,299223,324,403,17914,19.42
2012,25,Mukdahan,Transplant,476679,365833,130826,274,358,3556,7.46
2012,25,Mukdahan,WetBroadcast,11916,8256,3154,265,382,110,9.23
2012,25,Mukdahan,DryBroadcast,3507,2648,915,261,346,33,9.41
2012,26,Nakhon Nayok,Transplant,42585,41424,24929,585,602,588,13.81
2012,26,Nakhon Nayok,WetBroadcast,281364,277549,171413,609,618,7501,26.66
2012,26,Nakhon Nayok,DryBroadcast,134030,133512,61400,458,460,3934,29.35
2012,27,Nakhon Pathom,WetBroadcast,405611,401106,303371,748,756,11065,27.28
2012,28,Nakhon Phanom,Transplant,1235104,1210697,475523,385,393,7966,6.45
2012,28,Nakhon Phanom,WetBroadcast,37620,37331,14067,374,377,458,12.17
2012,28,Nakhon Phanom,DryBroadcast,90919,90619,30419,335,336,1067,11.74
2012,29,Nakhon Ratchasima,Transplant,1127332,869993,345083,306,397,10326,9.16
2012,29,Nakhon Ratchasima,WetBroadcast,51781,40195,16710,323,416,1207,23.31
2012,29,Nakhon Ratchasima,DryBroadcast,2650126,2063119,708597,267,343,53771,20.29
2012,30,Nakhon Sawan,Transplant,54365,52666,33314,613,633,586,10.78
2012,30,Nakhon Sawan,WetBroadcast,1151611,1134178,659737,573,582,35781,31.07
2012,30,Nakhon Sawan,DryBroadcast,1312520,1269637,712651,543,561,34427,26.23
2012,31,Nakhon Si Thammarat,Transplant,53656,51914,25347,472,488,314,5.85
2012,31,Nakhon Si Thammarat,WetBroadcast,203358,196823,92663,456,471,5200,25.57
2012,31,Nakhon Si Thammarat,DryBroadcast,71570,70107,30124,421,430,1114,15.57
2012,31,Nakhon Si Thammarat,PlacingMachine,2851,2718,1108,389,408,18,6.31
2012,32,Nan,Transplant,214727,210880,116370,542,552,2173,10.12
2012,32,Nan,WetBroadcast,4536,4478,2260,498,505,61,13.45
2012,32,Nan,DryBroadcast,3550,3407,1462,412,429,43,12.11
2012,32,Nan,PlacingMachine,28989,28694,9698,335,338,343,11.83
2012,34,Nong Bua Lam Phu,Transplant,838657,589077,221316,264,376,6936,8.27
2012,34,Nong Bua Lam Phu,WetBroadcast,17997,15718,4798,267,305,213,11.84
2012,34,Nong Bua Lam Phu,DryBroadcast,23669,16787,5415,229,323,289,12.21
2012,35,Nong Khai,Transplant,520692,494419,187837,361,380,3811,7.32
2012,35,Nong Khai,WetBroadcast,20822,19771,7275,349,368,265,12.73
2012,35,Nong Khai,DryBroadcast,27088,25070,8143,301,325,277,10.23
2012,36,Nonthaburi,WetBroadcast,119324,118210,85569,717,724,3448,28.9
2012,37,Pathum Thani,Transplant,1088,1013,815,749,805,19,17.46
2012,37,Pathum Thani,WetBroadcast,337218,336463,249710,741,742,9580,28.41
2012,38,Pattani,Transplant,107449,105765,39764,370,376,803,7.47
2012,38,Pattani,DryBroadcast,2167,2135,728,336,341,27,12.46
2012,39,Phangnga,Transplant,1718,1718,552,321,321,18,10.48
2012,40,Phatthalung,Transplant,31784,27642,13348,420,483,274,8.62
2012,40,Phatthalung,WetBroadcast,75835,67462,32196,425,477,1552,20.47
2012,40,Phatthalung,DryBroadcast,37432,33145,13958,373,421,585,15.63
2012,41,Phayao,Transplant,578753,553304,328096,567,593,6094,10.53
2012,41,Phayao,WetBroadcast,43344,42159,22250,513,528,747,17.23
2012,41,Phayao,DryBroadcast,32591,31588,14729,452,466,703,21.57
2012,41,Phayao,PlacingMachine,15186,14100,7657,504,543,150,9.88
2012,42,Phetchabun,Transplant,551756,546236,327577,594,600,6356,11.52
2012,42,Phetchabun,WetBroadcast,319166,312647,183053,574,585,8796,27.56
2012,42,Phetchabun,DryBroadcast,283897,275977,133567,470,484,7503,26.43
2012,42,Phetchabun,PlacingMachine,6136,6021,2749,448,457,65,10.59
2012,43,Phetchaburi,Transplant,7813,7803,5582,714,715,81,10.37
2012,43,Phetchaburi,WetBroadcast,295985,295872,209127,707,707,8039,27.16
2012,43,Phetchaburi,DryBroadcast,16473,16135,9164,556,568,393,23.86
2012,44,Phichit,Transplant,27535,27384,18491,672,675,301,10.93
2012,44,Phichit,WetBroadcast,1205250,1193426,752585,624,631,37760,31.33
2012,44,Phichit,DryBroadcast,581306,577141,335586,577,581,14649,25.2
2012,45,Phitsanulok,Transplant,105508,105054,65848,624,627,1079,10.23
2012,45,Phitsanulok,WetBroadcast,1356173,1345265,830831,613,618,42109,31.05
2012,45,Phitsanulok,DryBroadcast,24493,24429,13909,568,569,616,25.15
2012,45,Phitsanulok,PlacingMachine,3519,3441,1817,516,528,34,9.66
2012,47,Phrae,Transplant,243234,241469,150173,617,622,2693,11.07
2012,47,Phrae,WetBroadcast,33099,32922,20036,605,609,474,14.32
2012,47,Phrae,DryBroadcast,14105,14029,7641,542,545,205,14.53
2012,47,Phrae,PlacingMachine,1159,1153,546,471,474,8,6.9
2012,48,Phuket,Transplant,69,69,34,493,493,1,14.49
2012,49,Prachin Buri,Transplant,37797,32400,16264,430,502,380,10.05
2012,49,Prachin Buri,WetBroadcast,145028,125019,65526,452,524,4096,28.24
2012,49,Prachin Buri,DryBroadcast,278749,246344,87653,314,356,6890,24.72
2012,50,Prachuap Khiri Khan,Transplant,3261,3057,1683,516,551,33,10.12
2012,50,Prachuap Khiri Khan,WetBroadcast,42643,41122,23427,549,570,1177,27.6
2012,51,Ranong,Transplant,479,479,165,344,344,3,6.26
2012,51,Ranong,PlacingMachine,293,293,91,311,311,2,6.83
2012,52,Ratchaburi,Transplant,1742,1688,1178,676,698,22,12.63
2012,52,Ratchaburi,WetBroadcast,306531,300757,209504,683,697,8712,28.42
2012,52,Ratchaburi,DryBroadcast,27301,26516,13671,501,516,610,22.34
2012,53,Rayong,Transplant,5740,5687,2481,432,436,50,8.71
2012,53,Rayong,WetBroadcast,15029,14921,6255,416,419,335,22.29
2012,53,Rayong,DryBroadcast,991,972,328,331,337,17,17.15
2012,54,Roi Et,Transplant,1379010,1024385,410784,298,401,10191,7.39
2012,54,Roi Et,WetBroadcast,128344,94054,35420,276,377,2879,22.43
2012,54,Roi Et,DryBroadcast,1595653,1185977,411011,258,347,37434,23.46
2012,55,Sa Kaeo,Transplant,385868,341517,115982,301,340,3488,9.04
2012,55,Sa Kaeo,WetBroadcast,38834,35159,10967,282,312,818,21.06
2012,55,Sa Kaeo,DryBroadcast,384696,341581,95532,248,280,7382,19.19
2012,56,Sakon Nakhon,Transplant,1931155,1632743,588530,305,360,12823,6.64
2012,56,Sakon Nakhon,WetBroadcast,37596,30759,11024,293,358,470,12.5
2012,56,Sakon Nakhon,DryBroadcast,115247,97342,29029,252,298,1285,11.15
2012,57,Samut Prakan,WetBroadcast,45139,44993,36045,799,801,1523,33.74
2012,58,Samut Sakhon,WetBroadcast,14118,13988,9584,679,685,384,27.2
2012,59,Samut Songkhram,WetBroadcast,3554,3490,2272,639,651,93,26.17
2012,60,Saraburi,Transplant,10084,9554,6095,604,638,125,12.4
2012,60,Saraburi,WetBroadcast,350761,349765,227413,648,650,9604,27.38
2012,60,Saraburi,DryBroadcast,44582,40816,20308,456,498,1184,26.56
2012,61,Satun,Transplant,28266,27959,10962,388,392,217,7.68
2012,61,Satun,WetBroadcast,2430,2402,997,410,415,43,17.7
2012,61,Satun,DryBroadcast,2185,2098,718,329,342,27,12.36
2012,62,Si Sa Ket,Transplant,1119113,1077645,427439,382,397,8326,7.44
2012,62,Si Sa Ket,WetBroadcast,8015,7674,2935,366,382,129,16.09
2012,62,Si Sa Ket,DryBroadcast,1926409,1847803,648096,336,351,35369,18.36
2012,63,Sing Buri,Transplant,1138,1131,794,698,702,19,16.7
2012,63,Sing Buri,WetBroadcast,315836,313461,218655,692,698,8644,27.37
2012,64,Songkhla,Transplant,45936,44579,21411,466,480,347,7.55
2012,64,Songkhla,WetBroadcast,106340,106192,71197,670,670,2827,26.58
2012,64,Songkhla,DryBroadcast,76850,76511,36115,470,472,1447,18.83
2012,65,Sukhothai,Transplant,158727,154930,90506,570,584,1754,11.05
2012,65,Sukhothai,WetBroadcast,829680,815838,486544,586,596,26035,31.38
2012,65,Sukhothai,DryBroadcast,157050,146845,76422,487,520,4509,28.71
2012,66,Suphan Buri,Transplant,82611,79696,57084,691,716,1233,14.93
2012,66,Suphan Buri,WetBroadcast,1069322,1057016,750447,702,710,31149,29.13
2012,66,Suphan Buri,DryBroadcast,60240,59692,33750,560,565,1707,28.34
2012,67,Surat Thani,Transplant,805,764,285,354,373,7,8.7
2012,67,Surat Thani,WetBroadcast,5763,5572,2199,382,395,125,21.69
2012,67,Surat Thani,DryBroadcast,1025,961,314,306,327,16,15.61
2012,67,Surat Thani,PlacingMachine,198,181,54,273,298,1,5.05
2012,68,Surin,Transplant,122585,107832,45620,372,423,978,7.98
2012,68,Surin,WetBroadcast,86118,76541,30123,350,394,2371,27.53
2012,68,Surin,DryBroadcast,3010373,2701261,1017922,338,377,70593,23.45
2012,69,Tak,Transplant,204810,192808,93306,456,484,1817,8.87
2012,69,Tak,WetBroadcast,36428,34332,17350,476,505,848,23.28
2012,69,Tak,DryBroadcast,38407,35100,13998,364,399,708,18.43
2012,69,Tak,PlacingMachine,12502,11560,3884,311,336,139,11.12
2012,70,Trang,Transplant,10788,10788,4154,385,385,70,6.49
2012,70,Trang,WetBroadcast,1996,1996,748,375,375,36,18.04
2012,70,Trang,DryBroadcast,257,257,93,362,362,3,11.67
2012,70,Trang,PlacingMachine,148,148,51,345,345,1,6.76
2012,71,Trat,Transplant,6755,6657,2681,397,403,45,6.66
2012,71,Trat,WetBroadcast,11702,11629,4761,407,409,192,16.41
2012,71,Trat,DryBroadcast,3347,3326,1233,368,371,52,15.54
2012,72,Ubon Ratchathani,Transplant,3151770,3031636,1066900,339,352,19446,6.17
2012,72,Ubon Ratchathani,WetBroadcast,22662,22410,7721,341,345,259,11.43
2012,72,Ubon Ratchathani,DryBroadcast,1133437,1102980,355485,314,322,13998,12.35
2012,72,Ubon Ratchathani,PlacingMachine,6962,6667,1995,287,299,53,7.61
2012,73,Udon Thani,Transplant,1881480,1542735,575708,306,373,13885,7.38
2012,73,Udon Thani,WetBroadcast,46370,38225,13493,291,353,568,12.25
2012,73,Udon Thani,DryBroadcast,131507,101506,34438,262,339,1636,12.44
2012,74,Uthai Thani,Transplant,49511,49149,31174,630,634,552,11.15
2012,74,Uthai Thani,WetBroadcast,484366,481637,312594,645,649,14071,29.05
2012,74,Uthai Thani,DryBroadcast,77353,77012,34841,450,452,2336,30.2
2012,75,Uttaradit,Transplant,95320,94136,60318,633,641,1015,10.65
2012,75,Uttaradit,WetBroadcast,494804,490930,316656,640,645,13469,27.22
2012,75,Uttaradit,DryBroadcast,45847,43791,20139,439,460,1384,30.19
2012,76,Yala,Transplant,31545,31239,7248,230,232,175,5.55
2012,77,Yasothon,Transplant,772495,638627,236039,306,370,5230,6.77
2012,77,Yasothon,WetBroadcast,29146,23706,8715,299,368,404,13.86
2012,77,Yasothon,DryBroadcast,542588,446453,157170,290,352,8437,15.55
2014,1,Amnat Charoen,Transplant,710649,657085,232173,327,353,4648,6.54
2014,1,Amnat Charoen,DryBroadcast,250203,234128,75510,302,323,3595,14.37
2014,1,Amnat Charoen,PlacingMachine,2743,2659,749,273,282,23,8.38
2014,2,Ang Thong,Transplant,6225,6160,4013,645,651,89,14.3
2014,2,Ang Thong,WetBroadcast,336289,332883,218754,650,657,9907,29.46
2014,2,Ang Thong,DryBroadcast,15728,15331,9014,573,588,451,28.67
2014,46,Ayutthaya,Transplant,785,762,555,707,728,13,16.56
2014,46,Ayutthaya,WetBroadcast,678176,672449,454601,670,676,18141,26.75
2014,46,Ayutthaya,DryBroadcast,143064,140420,78722,550,561,4617,32.27
2014,3,Bangkok Metropolis,Transplant,316,316,223,706,706,3,9.49
2014,3,Bangkok Metropolis,WetBroadcast,96193,96154,64157,667,667,2764,28.73
2014,4,Bueng Kan,Transplant,322042,315417,92840,288,294,2483,7.71
2014,4,Bueng Kan,WetBroadcast,119619,117460,33749,282,287,1294,10.82
2014,4,Bueng Kan,DryBroadcast,50520,49083,11989,237,244,542,10.73
2014,5,Buri Ram,Transplant,1129825,1081408,422622,374,391,11264,9.97
2014,5,Buri Ram,WetBroadcast,18587,17705,6721,362,380,415,22.33
2014,5,Buri Ram,DryBroadcast,1613063,1505586,563157,349,374,37972,23.54
2014,6,Chachoengsao,Transplant,22978,22423,15124,658,674,237,10.31
2014,6,Chachoengsao,WetBroadcast,598925,596423,401129,670,673,17309,28.9
2014,6,Chachoengsao,DryBroadcast,106643,105347,52452,492,498,2423,22.72
2014,7,Chai Nat,Transplant,23247,22949,15627,672,681,359,15.44
2014,7,Chai Nat,WetBroadcast,699371,689158,468752,670,680,18247,26.09
2014,7,Chai Nat,DryBroadcast,47762,45093,29404,616,652,1323,27.7
2014,8,Chaiyaphum,Transplant,872740,717231,266997,306,372,7200,8.25
2014,8,Chaiyaphum,WetBroadcast,15778,12967,4767,302,368,308,19.52
2014,8,Chaiyaphum,DryBroadcast,700507,566979,186178,266,328,12749,18.2
2014,8,Chaiyaphum,PlacingMachine,8253,6783,2319,281,342,77,9.33
2014,9,Chanthaburi,Transplant,11741,11659,4474,381,384,103,8.77
2014,9,Chanthaburi,WetBroadcast,8099,7954,2880,356,362,144,17.78
2014,9,Chanthaburi,DryBroadcast,1454,1409,482,331,342,26,17.88
2014,10,Chiang Mai,Transplant,394424,389574,249938,634,642,4441,11.26
2014,10,Chiang Mai,WetBroadcast,29636,29451,19083,644,648,489,16.5
2014,10,Chiang Mai,DryBroadcast,8864,8809,5843,659,663,135,15.23
2014,10,Chiang Mai,PlacingMachine,23192,23048,7728,333,335,275,11.86
2014,11,Chiang Rai,Transplant,1082233,1066413,645473,596,605,9957,9.2
2014,11,Chiang Rai,WetBroadcast,56263,55378,33495,595,605,936,16.64
2014,11,Chiang Rai,DryBroadcast,56754,55323,26014,458,470,838,14.77
2014,11,Chiang Rai,PlacingMachine,29518,28527,10466,355,367,284,9.62
2014,12,Chon Buri,Transplant,19735,19604,10742,544,548,155,7.85
2014,12,Chon Buri,WetBroadcast,30867,30589,15814,512,517,659,21.35
2014,12,Chon Buri,DryBroadcast,28995,28555,12032,415,421,567,19.56
2014,13,Chumphon,Transplant,2595,2565,987,380,385,24,9.25
2014,13,Chumphon,WetBroadcast,3230,3220,1261,390,392,70,21.67
2014,13,Chumphon,PlacingMachine,265,265,85,321,321,2,7.55
2014,14,Kalasin,Transplant,1134562,1124751,403501,356,359,9440,8.32
2014,14,Kalasin,WetBroadcast,159622,157476,55417,347,352,3451,21.62
2014,14,Kalasin,DryBroadcast,185886,177825,76735,413,432,3342,17.98
2014,15,Kamphaeng Phet,Transplant,77146,76881,40106,520,522,797,10.33
2014,15,Kamphaeng Phet,WetBroadcast,1179145,1172729,697538,592,595,32026,27.16
2014,15,Kamphaeng Phet,DryBroadcast,68253,68019,30995,454,456,1784,26.14
2014,16,Kanchanaburi,Transplant,25970,24689,16295,627,660,388,14.94
2014,16,Kanchanaburi,WetBroadcast,229539,220839,147981,645,670,6053,26.37
2014,16,Kanchanaburi,DryBroadcast,150658,139591,69376,460,497,4029,26.74
2014,16,Kanchanaburi,PlacingMachine,6835,6576,2833,414,431,55,8.05
2014,17,Khon Kaen,Transplant,1139125,972190,342588,301,352,8862,7.78
2014,17,Khon Kaen,WetBroadcast,42722,37827,12888,302,341,760,17.79
2014,17,Khon Kaen,DryBroadcast,1242962,1001272,327809,264,327,24064,19.36
2014,17,Khon Kaen,PlacingMachine,3541,3061,978,276,320,24,6.78
2014,18,Krabi,Transplant,4748,4719,1494,315,317,26,5.48
2014,18,Krabi,PlacingMachine,1734,1730,485,280,280,11,6.34
2014,19,Lampang,Transplant,398343,396626,211788,532,534,4748,11.92
2014,19,Lampang,WetBroadcast,16358,16078,8536,522,531,230,14.06
2014,19,Lampang,DryBroadcast,4022,4006,2020,502,504,54,13.43
2014,19,Lampang,PlacingMachine,5128,5107,2037,397,399,52,10.14
2014,20,Lamphun,Transplant,102659,102659,64715,630,630,952,9.27
2014,20,Lamphun,WetBroadcast,5168,5168,3097,599,599,69,13.35
2014,20,Lamphun,DryBroadcast,2145,2145,865,403,403,30,13.99
2014,20,Lamphun,PlacingMachine,5652,5652,2163,383,383,57,10.08
2014,21,Loei,Transplant,297128,290478,110642,372,381,2841,9.56
2014,21,Loei,DryBroadcast,28624,27599,9690,339,351,373,13.03
2014,21,Loei,PlacingMachine,41528,40062,13860,334,346,517,12.45
2014,22,Lop Buri,Transplant,47634,43923,26050,547,593,608,12.76
2014,22,Lop Buri,WetBroadcast,497224,458293,268238,539,585,13674,27.5
2014,22,Lop Buri,DryBroadcast,130538,118293,53240,408,450,3547,27.17
2014,23,Mae Hong Son,Transplant,95682,95531,47414,496,496,1081,11.3
2014,23,Mae Hong Son,PlacingMachine,69720,69610,21261,305,305,881,12.64
2014,24,Maha Sarakham,Transplant,912456,905635,311155,341,344,7154,7.84
2014,24,Maha Sarakham,WetBroadcast,87338,85955,29287,335,341,2314,26.49
2014,24,Maha Sarakham,DryBroadcast,1183604,1103881,430526,364,390,23696,20.02
2014,25,Mukdahan,Transplant,480379,472962,181170,377,383,3444,7.17
2014,25,Mukdahan,WetBroadcast,8116,7446,3202,395,430,83,10.23
2014,25,Mukdahan,DryBroadcast,3825,3698,1487,389,402,43,11.24
2014,26,Nakhon Nayok,Transplant,37738,37576,22953,608,611,599,15.87
2014,26,Nakhon Nayok,WetBroadcast,246723,245660,151279,613,616,6992,28.34
2014,26,Nakhon Nayok,DryBroadcast,117157,116624,56421,482,484,3345,28.55
2014,27,Nakhon Pathom,WetBroadcast,359925,359525,265957,739,740,9628,26.75
2014,28,Nakhon Phanom,Transplant,1191820,1160454,426169,358,367,9082,7.62
2014,28,Nakhon Phanom,WetBroadcast,31724,30726,11307,356,368,414,13.05
2014,28,Nakhon Phanom,DryBroadcast,86317,84090,29144,338,347,1081,12.52
2014,29,Nakhon Ratchasima,Transplant,1026222,878587,337970,329,385,10529,10.26
2014,29,Nakhon Ratchasima,WetBroadcast,45756,40129,15845,346,395,1023,22.36
2014,29,Nakhon Ratchasima,DryBroadcast,2438651,2055968,710650,291,346,52772,21.64
2014,30,Nakhon Sawan,Transplant,47857,47555,30254,632,636,557,11.64
2014,30,Nakhon Sawan,WetBroadcast,1125780,1123200,662144,588,590,32659,29.01
2014,30,Nakhon Sawan,DryBroadcast,1180554,1171995,662923,562,566,30919,26.19
2014,31,Nakhon Si Thammarat,Transplant,48783,48706,22624,464,465,262,5.37
2014,31,Nakhon Si Thammarat,WetBroadcast,182109,181063,82161,451,454,4689,25.75
2014,31,Nakhon Si Thammarat,DryBroadcast,62477,61101,25982,416,425,1197,19.16
2014,31,Nakhon Si Thammarat,PlacingMachine,2053,2049,776,378,379,14,6.82
2014,32,Nan,Transplant,186242,185782,101347,544,546,2479,13.31
2014,32,Nan,WetBroadcast,7410,7410,3782,510,510,114,15.38
2014,32,Nan,DryBroadcast,3562,3548,1502,422,423,49,13.76
2014,32,Nan,PlacingMachine,24709,24670,8456,342,343,307,12.42
2014,34,Nong Bua Lam Phu,Transplant,516505,506488,166825,323,329,3636,7.04
2014,34,Nong Bua Lam Phu,WetBroadcast,39619,38648,12840,324,332,542,13.68
2014,34,Nong Bua Lam Phu,DryBroadcast,156256,149883,44139,282,294,1938,12.4
2014,35,Nong Khai,Transplant,320145,313610,123544,386,394,2465,7.7
2014,35,Nong Khai,WetBroadcast,42563,41185,15399,362,374,590,13.86
2014,35,Nong Khai,DryBroadcast,148465,147033,46909,316,319,2019,13.6
2014,36,Nonthaburi,WetBroadcast,102229,102052,71500,699,701,2768,27.08
2014,37,Pathum Thani,Transplant,682,652,483,708,741,12,17.6
2014,37,Pathum Thani,WetBroadcast,313065,312880,219155,700,700,9480,30.28
2014,38,Pattani,Transplant,92433,91254,34473,373,378,846,9.15
2014,38,Pattani,DryBroadcast,1854,1830,656,354,358,25,13.48
2014,39,Phangnga,Transplant,1404,1389,453,323,326,18,12.82
2014,40,Phatthalung,Transplant,29326,29325,12112,413,413,250,8.52
2014,40,Phatthalung,WetBroadcast,71885,70324,30274,421,430,1496,20.81
2014,40,Phatthalung,DryBroadcast,35327,35326,14206,402,402,566,16.02
2014,41,Phayao,Transplant,531569,527921,296829,558,562,5603,10.54
2014,41,Phayao,WetBroadcast,48246,47946,22369,464,467,764,15.84
2014,41,Phayao,DryBroadcast,27827,27640,12096,435,438,531,19.08
2014,41,Phayao,PlacingMachine,12471,12359,5668,454,459,124,9.94
2014,42,Phetchabun,Transplant,320244,317883,191675,599,603,3875,12.1
2014,42,Phetchabun,WetBroadcast,289674,287302,171370,592,596,8319,28.72
2014,42,Phetchabun,DryBroadcast,466614,461259,226445,485,491,12790,27.41
2014,42,Phetchabun,PlacingMachine,6986,6803,3228,462,474,81,11.59
2014,43,Phetchaburi,Transplant,6912,6908,4814,696,697,77,11.14
2014,43,Phetchaburi,WetBroadcast,287562,280393,198424,690,708,7914,27.52
2014,43,Phetchaburi,DryBroadcast,14855,14845,7993,538,538,339,22.82
2014,44,Phichit,Transplant,18266,18110,11514,630,636,243,13.3
2014,44,Phichit,WetBroadcast,1072407,1071981,645150,602,602,30510,28.45
2014,44,Phichit,DryBroadcast,554374,539789,306532,553,568,14746,26.6
2014,45,Phitsanulok,Transplant,96480,93946,56084,581,597,1207,12.51
2014,45,Phitsanulok,WetBroadcast,1245057,1232087,717052,576,582,35783,28.74
2014,45,Phitsanulok,DryBroadcast,16384,16187,8642,527,534,407,24.84
2014,45,Phitsanulok,PlacingMachine,2015,1974,998,495,506,21,10.42
2014,47,Phrae,Transplant,203462,200617,112736,554,562,2781,13.67
2014,47,Phrae,WetBroadcast,61684,59586,32645,529,548,922,14.95
2014,47,Phrae,DryBroadcast,17563,17378,8567,488,493,282,16.06
2014,47,Phrae,PlacingMachine,1027,1026,454,442,442,8,7.79
2014,48,Phuket,Transplant,63,62,31,492,500,1,15.87
2014,49,Prachin Buri,Transplant,41246,41095,20627,500,502,381,9.24
2014,49,Prachin Buri,WetBroadcast,152435,151786,77070,506,508,4204,27.58
2014,49,Prachin Buri,DryBroadcast,286686,283426,110209,384,389,7312,25.51
2014,50,Prachuap Khiri Khan,Transplant,3172,3076,1602,505,521,37,11.66
2014,50,Prachuap Khiri Khan,WetBroadcast,42226,40183,22547,534,561,1146,27.14
2014,51,Ranong,Transplant,787,779,267,339,343,5,6.35
2014,51,Ranong,PlacingMachine,384,380,120,313,316,2,5.21
2014,52,Ratchaburi,Transplant,1638,1624,1094,668,674,21,12.82
2014,52,Ratchaburi,WetBroadcast,294325,289851,199031,676,687,7967,27.07
2014,52,Ratchaburi,DryBroadcast,23758,23063,11769,495,510,612,25.76
2014,53,Rayong,Transplant,5627,5568,2735,486,491,46,8.17
2014,53,Rayong,WetBroadcast,14363,14301,6730,469,471,328,22.84
2014,53,Rayong,DryBroadcast,960,960,360,375,375,17,17.71
2014,54,Roi Et,Transplant,1368318,1354431,485190,355,358,9565,6.99
2014,54,Roi Et,WetBroadcast,126157,98598,43141,342,438,2984,23.65
2014,54,Roi Et,DryBroadcast,1583163,1532222,589690,372,385,38439,24.28
2014,55,Sa Kaeo,Transplant,382422,373605,131295,343,351,4448,11.63
2014,55,Sa Kaeo,WetBroadcast,35208,34397,11770,334,342,647,18.38
2014,55,Sa Kaeo,DryBroadcast,377268,362103,109074,289,301,8062,21.37
2014,56,Sakon Nakhon,Transplant,1886909,1853361,604428,320,326,12793,6.78
2014,56,Sakon Nakhon,WetBroadcast,38615,38317,12056,312,315,491,12.72
2014,56,Sakon Nakhon,DryBroadcast,98026,94083,25836,264,275,1132,11.55
2014,57,Samut Prakan,WetBroadcast,38389,38287,30522,795,797,1123,29.25
2014,58,Samut Sakhon,WetBroadcast,11543,11456,8073,699,705,330,28.59
2014,59,Samut Songkhram,WetBroadcast,3759,3759,2639,702,702,98,26.07
2014,60,Saraburi,Transplant,5847,5701,3628,620,636,76,13
2014,60,Saraburi,WetBroadcast,315142,312783,212215,673,678,7478,23.73
2014,60,Saraburi,DryBroadcast,36852,35779,17518,475,490,956,25.94
2014,61,Satun,Transplant,22828,22771,8949,392,393,202,8.85
2014,61,Satun,WetBroadcast,1858,1842,765,412,415,32,17.22
2014,61,Satun,DryBroadcast,1530,1525,503,329,330,18,11.76
2014,62,Si Sa Ket,Transplant,1097955,1083109,425772,388,393,9135,8.32
2014,62,Si Sa Ket,WetBroadcast,4713,4673,1732,367,371,82,17.4
2014,62,Si Sa Ket,DryBroadcast,1898522,1862497,649037,342,348,35369,18.63
2014,63,Sing Buri,Transplant,1013,999,691,682,692,17,16.78
2014,63,Sing Buri,WetBroadcast,306570,306433,208104,679,679,7900,25.77
2014,64,Songkhla,Transplant,40643,40482,18353,452,453,432,10.63
2014,64,Songkhla,WetBroadcast,92495,92129,57214,619,621,2398,25.93
2014,64,Songkhla,DryBroadcast,72372,71949,32232,445,448,1469,20.3
2014,65,Sukhothai,Transplant,145853,143446,80737,554,563,1883,12.91
2014,65,Sukhothai,WetBroadcast,744630,727116,428607,576,589,22376,30.05
2014,65,Sukhothai,DryBroadcast,146275,142071,68074,465,479,4144,28.33
2014,66,Suphan Buri,Transplant,104672,104646,78270,748,748,1806,17.25
2014,66,Suphan Buri,WetBroadcast,1137390,1137077,844329,742,743,33144,29.14
2014,66,Suphan Buri,DryBroadcast,64356,64339,38359,596,596,1900,29.52
2014,67,Surat Thani,Transplant,695,708,258,371,364,6,8.63
2014,67,Surat Thani,WetBroadcast,5073,5009,2013,397,402,116,22.87
2014,67,Surat Thani,DryBroadcast,1078,1093,346,321,317,18,16.7
2014,67,Surat Thani,PlacingMachine,175,180,50,286,278,1,5.71
2014,68,Surin,Transplant,116436,115303,45679,392,396,1230,10.56
2014,68,Surin,WetBroadcast,80581,79593,30076,373,378,1934,24
2014,68,Surin,DryBroadcast,2965832,2911600,1100645,371,378,59910,20.2
2014,69,Tak,Transplant,179687,178306,80151,446,450,1581,8.8
2014,69,Tak,WetBroadcast,32675,32467,15105,462,465,768,23.5
2014,69,Tak,DryBroadcast,35531,34188,12607,355,369,643,18.1
2014,69,Tak,PlacingMachine,13930,13329,4237,304,318,161,11.56
2014,70,Trang,Transplant,10065,10010,3848,382,384,63,6.26
2014,70,Trang,WetBroadcast,1783,1750,629,353,359,33,18.51
2014,70,Trang,DryBroadcast,208,201,71,341,353,3,14.42
2014,70,Trang,PlacingMachine,140,139,45,321,324,1,7.14
2014,71,Trat,Transplant,5642,5572,2352,417,422,37,6.56
2014,71,Trat,WetBroadcast,9323,9221,3942,423,428,161,17.27
2014,71,Trat,DryBroadcast,2875,2855,1115,388,391,44,15.3
2014,72,Ubon Ratchathani,Transplant,2036245,1943397,673200,331,346,13073,6.42
2014,72,Ubon Ratchathani,WetBroadcast,35625,34370,11853,333,345,477,13.39
2014,72,Ubon Ratchathani,DryBroadcast,1786446,1672396,515616,289,308,22456,12.57
2014,72,Ubon Ratchathani,PlacingMachine,3980,3840,1149,289,299,30,7.54
2014,73,Udon Thani,Transplant,1350932,1336443,508780,377,381,10024,7.42
2014,73,Udon Thani,WetBroadcast,102635,98959,36870,359,373,1262,12.3
2014,73,Udon Thani,DryBroadcast,286024,274116,89491,313,326,3818,13.35
2014,74,Uthai Thani,Transplant,39524,38957,24616,623,632,501,12.68
2014,74,Uthai Thani,WetBroadcast,447027,442354,282672,632,639,12088,27.04
2014,74,Uthai Thani,DryBroadcast,62640,60160,27652,441,460,1788,28.54
2014,75,Uttaradit,Transplant,86653,85653,53324,615,623,1198,13.83
2014,75,Uttaradit,WetBroadcast,465062,462568,291814,627,631,12278,26.4
2014,75,Uttaradit,DryBroadcast,37467,37427,16101,430,430,1073,28.64
2014,76,Yala,Transplant,41201,40787,14582,354,358,262,6.36
2014,77,Yasothon,Transplant,776455,723778,268110,345,370,5303,6.83
2014,77,Yasothon,WetBroadcast,30752,29482,10392,338,352,436,14.18
2014,77,Yasothon,DryBroadcast,546024,505727,187389,343,371,8933,16.36
2015,1,Amnat Charoen,Transplant,698646,693193,239589,343,346,5016,7.18
2015,1,Amnat Charoen,DryBroadcast,247475,234343,77268,312,330,3630,14.67
2015,2,Ang Thong,Transplant,5083,4887,3262,642,667,67,13.18
2015,2,Ang Thong,WetBroadcast,290393,286435,187768,647,656,8407,28.95
2015,2,Ang Thong,DryBroadcast,15473,15044,8761,566,582,439,28.37
2015,46,Ayutthaya,Transplant,558,557,396,710,711,8,14.34
2015,46,Ayutthaya,WetBroadcast,576241,573105,385030,668,672,16146,28.02
2015,46,Ayutthaya,DryBroadcast,112564,110776,61494,546,555,3527,31.33
2015,3,Bangkok Metropolis,Transplant,287,270,198,690,733,3,10.45
2015,3,Bangkok Metropolis,WetBroadcast,80495,78530,52998,658,675,2179,27.07
2015,4,Bueng Kan,Transplant,321534,288113,89963,280,312,2074,6.45
2015,4,Bueng Kan,WetBroadcast,118621,104369,32360,273,310,1218,10.27
2015,4,Bueng Kan,DryBroadcast,49452,42111,11242,227,267,437,8.84
2015,5,Buri Ram,Transplant,1112358,1089766,431582,388,396,9155,8.23
2015,5,Buri Ram,WetBroadcast,15762,15502,5970,379,385,336,21.32
2015,5,Buri Ram,DryBroadcast,1595920,1555775,577219,362,371,54660,34.25
2015,6,Chachoengsao,Transplant,18206,17928,11736,645,655,189,10.38
2015,6,Chachoengsao,WetBroadcast,534620,528592,338869,634,641,15573,29.13
2015,6,Chachoengsao,DryBroadcast,70935,67619,33150,467,490,1570,22.13
2015,7,Chai Nat,Transplant,21473,21385,14287,665,668,321,14.95
2015,7,Chai Nat,WetBroadcast,628102,627234,414836,660,661,16086,25.61
2015,7,Chai Nat,DryBroadcast,40252,40036,24046,597,601,1078,26.78
2015,8,Chaiyaphum,Transplant,851327,777896,287014,337,369,6385,7.5
2015,8,Chaiyaphum,WetBroadcast,13673,13066,4538,332,347,257,18.8
2015,8,Chaiyaphum,DryBroadcast,682754,602123,197812,290,329,11484,16.82
2015,8,Chaiyaphum,PlacingMachine,8038,7699,2489,310,323,73,9.08
2015,9,Chanthaburi,Transplant,10680,10588,3981,373,376,112,10.49
2015,9,Chanthaburi,WetBroadcast,7784,7692,2663,342,346,136,17.47
2015,9,Chanthaburi,DryBroadcast,1360,1339,440,324,329,26,19.12
2015,10,Chiang Mai,Transplant,364716,360831,228947,628,634,3746,10.27
2015,10,Chiang Mai,WetBroadcast,31147,31045,19552,628,630,527,16.92
2015,10,Chiang Mai,DryBroadcast,9418,9025,6060,643,671,132,14.02
2015,10,Chiang Mai,PlacingMachine,24630,23912,8400,341,351,244,9.91
2015,11,Chiang Rai,Transplant,973648,953669,561621,577,589,9308,9.56
2015,11,Chiang Rai,WetBroadcast,72496,70443,37782,521,536,1202,16.58
2015,11,Chiang Rai,DryBroadcast,92634,88793,39653,428,447,1329,14.35
2015,11,Chiang Rai,PlacingMachine,45958,43537,14532,316,334,387,8.42
2015,12,Chon Buri,Transplant,17367,17147,8900,512,519,169,9.73
2015,12,Chon Buri,WetBroadcast,26785,25392,13281,496,523,631,23.56
2015,12,Chon Buri,DryBroadcast,24523,24162,9772,398,404,448,18.27
2015,13,Chumphon,Transplant,2325,2164,847,364,391,21,9.03
2015,13,Chumphon,WetBroadcast,2541,2360,942,371,399,52,20.46
2015,13,Chumphon,PlacingMachine,208,195,65,313,333,2,9.62
2015,14,Kalasin,Transplant,1101055,1095808,397770,361,363,8522,7.74
2015,14,Kalasin,WetBroadcast,157728,156515,55592,352,355,3438,21.8
2015,14,Kalasin,DryBroadcast,180543,168319,69598,385,413,3037,16.82
2015,15,Kamphaeng Phet,Transplant,50621,50516,26024,514,515,539,10.65
2015,15,Kamphaeng Phet,WetBroadcast,1100837,1089835,637017,579,585,31484,28.6
2015,15,Kamphaeng Phet,DryBroadcast,44844,42906,20760,463,484,1188,26.49
2015,16,Kanchanaburi,Transplant,22647,22123,14733,651,666,351,15.5
2015,16,Kanchanaburi,WetBroadcast,210582,205485,137764,654,670,5705,27.09
2015,16,Kanchanaburi,DryBroadcast,145081,137357,68097,469,496,3575,24.64
2015,16,Kanchanaburi,PlacingMachine,6128,5986,2682,438,448,45,7.34
2015,17,Khon Kaen,Transplant,1070628,938212,327125,306,349,7462,6.97
2015,17,Khon Kaen,WetBroadcast,38523,33707,11954,310,355,701,18.2
2015,17,Khon Kaen,DryBroadcast,1204736,968233,316336,263,327,22155,18.39
2015,17,Khon Kaen,PlacingMachine,3333,2865,949,285,331,24,7.2
2015,18,Krabi,Transplant,4645,4598,1483,319,323,24,5.17
2015,18,Krabi,PlacingMachine,2013,1993,571,284,287,12,5.96
2015,19,Lampang,Transplant,370961,357967,183917,496,514,4081,11
2015,19,Lampang,WetBroadcast,15854,15347,7786,491,507,236,14.89
2015,19,Lampang,DryBroadcast,5263,5184,2453,466,473,69,13.11
2015,19,Lampang,PlacingMachine,5348,4973,2004,375,403,57,10.66
2015,20,Lamphun,Transplant,91421,90853,56305,616,620,1051,11.5
2015,20,Lamphun,WetBroadcast,5036,4798,2843,565,593,70,13.9
2015,20,Lamphun,DryBroadcast,2557,2472,840,329,340,36,14.08
2015,20,Lamphun,PlacingMachine,5213,5069,1983,380,391,51,9.78
2015,21,Loei,Transplant,268765,266056,99229,369,373,2760,10.27
2015,21,Loei,DryBroadcast,30314,27352,10143,335,371,411,13.56
2015,21,Loei,PlacingMachine,38156,36173,12415,325,343,454,11.9
2015,22,Lop Buri,Transplant,44520,43141,24323,546,564,596,13.39
2015,22,Lop Buri,WetBroadcast,453907,445132,243748,537,548,11988,26.41
2015,22,Lop Buri,DryBroadcast,116446,112825,46763,402,414,2946,25.3
2015,23,Mae Hong Son,Transplant,93582,91454,44427,475,486,986,10.54
2015,23,Mae Hong Son,PlacingMachine,58990,56469,16157,274,286,721,12.22
2015,24,Maha Sarakham,Transplant,885029,854710,303781,343,355,6709,7.58
2015,24,Maha Sarakham,WetBroadcast,84354,80579,28282,335,351,2284,27.08
2015,24,Maha Sarakham,DryBroadcast,1126850,1027459,384223,341,374,23472,20.83
2015,25,Mukdahan,Transplant,476227,462975,177066,372,382,3605,7.57
2015,25,Mukdahan,WetBroadcast,7256,6542,2807,387,429,70,9.65
2015,25,Mukdahan,DryBroadcast,3023,2787,1141,377,409,31,10.25
2015,26,Nakhon Nayok,Transplant,33420,33026,19755,591,598,471,14.09
2015,26,Nakhon Nayok,WetBroadcast,228573,227527,136211,596,599,6345,27.76
2015,26,Nakhon Nayok,DryBroadcast,105864,105499,49167,464,466,3108,29.36
2015,27,Nakhon Pathom,WetBroadcast,334211,330732,242463,725,733,9050,27.08
2015,28,Nakhon Phanom,Transplant,1189647,1160390,407607,343,351,8887,7.47
2015,28,Nakhon Phanom,WetBroadcast,30752,29740,10431,339,351,383,12.45
2015,28,Nakhon Phanom,DryBroadcast,85231,79071,26859,315,340,883,10.36
2015,29,Nakhon Ratchasima,Transplant,1015250,926504,339802,335,367,9411,9.27
2015,29,Nakhon Ratchasima,WetBroadcast,43675,41786,15303,350,366,1084,24.82
2015,29,Nakhon Ratchasima,DryBroadcast,2412069,2041014,731630,303,358,50485,20.93
2015,30,Nakhon Sawan,Transplant,36887,36550,23308,632,638,414,11.22
2015,30,Nakhon Sawan,WetBroadcast,1050334,1027534,608362,579,592,30596,29.13
2015,30,Nakhon Sawan,DryBroadcast,1058788,1036616,561225,530,541,28799,27.2
2015,31,Nakhon Si Thammarat,Transplant,45905,45492,21513,469,473,260,5.66
2015,31,Nakhon Si Thammarat,WetBroadcast,179634,177828,81424,453,458,4135,23.02
2015,31,Nakhon Si Thammarat,DryBroadcast,60582,60265,25211,416,418,1205,19.89
2015,31,Nakhon Si Thammarat,PlacingMachine,1864,1848,711,381,385,10,5.36
2015,32,Nan,Transplant,175758,174595,93035,529,533,2329,13.25
2015,32,Nan,WetBroadcast,6884,6851,3378,491,493,104,15.11
2015,32,Nan,DryBroadcast,2930,2735,1131,386,414,40,13.65
2015,32,Nan,PlacingMachine,22248,22141,7371,331,333,243,10.92
2015,33,Narathiwat,Transplant,53887,53314,20819,386,390,301,5.59
2015,34,Nong Bua Lam Phu,Transplant,510630,489096,159681,313,326,4417,8.65
2015,34,Nong Bua Lam Phu,WetBroadcast,35265,33172,10426,296,314,438,12.42
2015,34,Nong Bua Lam Phu,DryBroadcast,154472,145289,41279,267,284,1861,12.05
2015,35,Nong Khai,Transplant,296758,288189,111250,375,386,2178,7.34
2015,35,Nong Khai,WetBroadcast,35474,34685,13077,369,377,447,12.6
2015,35,Nong Khai,DryBroadcast,133468,126405,41696,312,330,1667,12.49
2015,36,Nonthaburi,WetBroadcast,89750,89639,62377,695,696,2478,27.61
2015,37,Pathum Thani,Transplant,513,502,366,713,729,9,17.54
2015,37,Pathum Thani,WetBroadcast,316947,315402,223221,704,708,9229,29.12
2015,38,Pattani,Transplant,81298,80509,29867,367,371,832,10.23
2015,38,Pattani,DryBroadcast,1675,1645,567,339,345,20,11.94
2015,39,Phangnga,Transplant,1358,1353,423,311,313,17,12.52
2015,40,Phatthalung,Transplant,27592,27343,12184,442,446,227,8.23
2015,40,Phatthalung,WetBroadcast,69703,69416,30371,436,438,1474,21.15
2015,40,Phatthalung,DryBroadcast,34421,33879,14089,409,416,529,15.37
2015,41,Phayao,Transplant,527832,504637,248187,470,492,5326,10.09
2015,41,Phayao,WetBroadcast,46684,42886,17745,380,414,774,16.58
2015,41,Phayao,DryBroadcast,26830,25702,9317,347,363,474,17.67
2015,41,Phayao,PlacingMachine,9382,8816,3585,382,407,94,10.02
2015,42,Phetchabun,Transplant,313384,308890,187189,597,606,3892,12.42
2015,42,Phetchabun,WetBroadcast,266106,263849,155850,586,591,7706,28.96
2015,42,Phetchabun,DryBroadcast,438614,432442,204282,466,472,11759,26.81
2015,42,Phetchabun,PlacingMachine,7254,7074,3210,443,454,81,11.17
2015,43,Phetchaburi,Transplant,5031,4933,3543,704,718,54,10.73
2015,43,Phetchaburi,WetBroadcast,277984,275586,193958,698,704,7450,26.8
2015,43,Phetchaburi,DryBroadcast,13263,12739,7126,537,559,309,23.3
2015,44,Phichit,Transplant,16679,16339,10103,606,618,202,12.11
2015,44,Phichit,WetBroadcast,1015750,960247,584700,576,609,29386,28.93
2015,44,Phichit,DryBroadcast,536466,512943,281102,524,548,14603,27.22
2015,45,Phitsanulok,Transplant,92309,83830,49816,540,594,1133,12.27
2015,45,Phitsanulok,WetBroadcast,1233753,1148420,655951,532,571,35248,28.57
2015,45,Phitsanulok,DryBroadcast,18254,16916,8483,465,501,457,25.04
2015,45,Phitsanulok,PlacingMachine,2217,2156,997,450,462,23,10.37
2015,47,Phrae,Transplant,197109,196849,109326,555,555,2527,12.82
2015,47,Phrae,WetBroadcast,55622,54842,28698,516,523,822,14.78
2015,47,Phrae,DryBroadcast,15267,15009,7034,461,469,219,14.34
2015,47,Phrae,PlacingMachine,1011,1006,447,442,444,8,7.91
2015,48,Phuket,Transplant,69,68,34,493,500,1,14.49
2015,49,Prachin Buri,Transplant,36467,36202,16747,459,463,347,9.52
2015,49,Prachin Buri,WetBroadcast,128325,123833,58267,454,471,3760,29.3
2015,49,Prachin Buri,DryBroadcast,222156,210279,75620,340,360,5477,24.65
2015,50,Prachuap Khiri Khan,Transplant,1868,1812,955,511,527,20,10.71
2015,50,Prachuap Khiri Khan,WetBroadcast,19482,18691,10126,520,542,525,26.95
2015,51,Ranong,Transplant,763,754,264,346,350,4,5.24
2015,51,Ranong,PlacingMachine,337,333,107,318,321,2,5.93
2015,52,Ratchaburi,Transplant,1173,1141,814,694,713,15,12.79
2015,52,Ratchaburi,WetBroadcast,261168,259601,177192,678,683,6845,26.21
2015,52,Ratchaburi,DryBroadcast,21467,20596,10403,485,505,547,25.48
2015,53,Rayong,Transplant,4546,4526,2065,454,456,39,8.58
2015,53,Rayong,WetBroadcast,12088,11919,5354,443,449,279,23.08
2015,53,Rayong,DryBroadcast,925,918,310,335,338,16,17.3
2015,54,Roi Et,Transplant,1347763,1273866,471765,350,370,9030,6.7
2015,54,Roi Et,WetBroadcast,122343,118803,41153,336,346,2749,22.47
2015,54,Roi Et,DryBroadcast,1565676,1448713,567792,363,392,39267,25.08
2015,55,Sa Kaeo,Transplant,350885,276111,88843,253,322,4197,11.96
2015,55,Sa Kaeo,WetBroadcast,34637,28644,8419,243,294,689,19.89
2015,55,Sa Kaeo,DryBroadcast,350643,223837,73867,211,330,7251,20.68
2015,56,Sakon Nakhon,Transplant,1870222,1775094,569083,304,321,12156,6.5
2015,56,Sakon Nakhon,WetBroadcast,36308,34615,11235,309,325,447,12.31
2015,56,Sakon Nakhon,DryBroadcast,95670,86522,24671,258,285,1081,11.3
2015,57,Samut Prakan,WetBroadcast,21490,21269,15846,737,745,653,30.39
2015,58,Samut Sakhon,WetBroadcast,7993,7958,5610,702,705,224,28.02
2015,59,Samut Songkhram,WetBroadcast,3562,3562,2511,705,705,91,25.55
2015,60,Saraburi,Transplant,3624,3484,2151,594,617,44,12.14
2015,60,Saraburi,WetBroadcast,269363,266154,172173,639,647,6748,25.05
2015,60,Saraburi,DryBroadcast,29855,29051,13685,458,471,777,26.03
2015,61,Satun,Transplant,22283,22037,8743,392,397,196,8.8
2015,61,Satun,WetBroadcast,1477,1416,607,411,429,27,18.28
2015,61,Satun,DryBroadcast,1252,1162,404,323,348,2,1.6
2015,62,Si Sa Ket,Transplant,1086428,1071877,416232,383,388,8528,7.85
2015,62,Si Sa Ket,WetBroadcast,4642,4459,1679,362,377,78,16.8
2015,62,Si Sa Ket,DryBroadcast,1865103,1809745,625236,335,345,33217,17.81
2015,63,Sing Buri,Transplant,1153,1110,783,679,705,20,17.35
2015,63,Sing Buri,WetBroadcast,265319,264963,179213,675,676,6739,25.4
2015,64,Songkhla,Transplant,38433,38149,17627,459,462,357,9.29
2015,64,Songkhla,WetBroadcast,91820,91376,57319,624,627,2238,24.37
2015,64,Songkhla,DryBroadcast,70435,69687,31855,452,457,1470,20.87
2015,65,Sukhothai,Transplant,130486,106226,58012,445,546,1531,11.73
2015,65,Sukhothai,WetBroadcast,663670,547173,304191,458,556,20653,31.12
2015,65,Sukhothai,DryBroadcast,144282,120748,52224,362,433,4131,28.63
2015,66,Suphan Buri,Transplant,104052,100732,74850,719,743,1717,16.5
2015,66,Suphan Buri,WetBroadcast,1136854,1100590,811786,714,738,33424,29.4
2015,66,Suphan Buri,DryBroadcast,68032,62773,38144,561,608,1919,28.21
2015,67,Surat Thani,Transplant,486,482,208,428,432,4,8.23
2015,67,Surat Thani,WetBroadcast,3869,3867,1770,457,458,83,21.45
2015,67,Surat Thani,DryBroadcast,793,787,293,369,372,13,16.39
2015,67,Surat Thani,PlacingMachine,147,145,48,327,331,1,6.8
2015,68,Surin,Transplant,114455,113111,44336,387,392,1003,8.76
2015,68,Surin,WetBroadcast,78540,77112,29309,373,380,2066,26.31
2015,68,Surin,DryBroadcast,2889736,2776100,1072061,371,386,65741,22.75
2015,69,Tak,Transplant,134947,134344,58580,434,436,1175,8.71
2015,69,Tak,WetBroadcast,30738,29099,13646,444,469,721,23.46
2015,69,Tak,DryBroadcast,33235,31880,10821,326,339,599,18.02
2015,69,Tak,PlacingMachine,14542,14123,4304,296,305,165,11.35
2015,70,Trang,Transplant,10246,10186,4004,391,393,70,6.83
2015,70,Trang,WetBroadcast,1698,1688,623,367,369,31,18.26
2015,70,Trang,DryBroadcast,220,219,78,355,356,3,13.64
2015,70,Trang,PlacingMachine,128,126,43,336,341,1,7.81
2015,71,Trat,Transplant,5064,5047,2048,404,406,34,6.71
2015,71,Trat,WetBroadcast,8663,8634,3524,407,408,143,16.51
2015,71,Trat,DryBroadcast,2543,2453,939,369,383,40,15.73
2015,72,Ubon Ratchathani,Transplant,2010664,2006615,692143,344,345,12225,6.08
2015,72,Ubon Ratchathani,WetBroadcast,32257,27815,11286,350,406,378,11.72
2015,72,Ubon Ratchathani,DryBroadcast,1753745,1716654,534423,305,311,20992,11.97
2015,72,Ubon Ratchathani,PlacingMachine,4053,3971,1258,310,317,30,7.4
2015,73,Udon Thani,Transplant,1328645,1307863,479129,361,366,9792,7.37
2015,73,Udon Thani,WetBroadcast,91586,90503,31455,343,348,1101,12.02
2015,73,Udon Thani,DryBroadcast,261850,241211,103420,395,429,3312,12.65
2015,74,Uthai Thani,Transplant,36435,34800,23538,646,676,436,11.97
2015,74,Uthai Thani,WetBroadcast,358526,357928,226291,631,632,10290,28.7
2015,74,Uthai Thani,DryBroadcast,53438,51286,23147,433,451,1625,30.41
2015,75,Uttaradit,Transplant,77702,66611,36023,464,541,953,12.26
2015,75,Uttaradit,WetBroadcast,410193,332563,194881,475,586,10074,24.56
2015,75,Uttaradit,DryBroadcast,40425,31750,13165,326,415,1108,27.41
2015,76,Yala,Transplant,26369,26115,9324,354,357,136,5.16
2015,77,Yasothon,Transplant,745311,727643,255089,342,351,4994,6.7
2015,77,Yasothon,WetBroadcast,28647,28239,9652,337,342,357,12.46
2015,77,Yasothon,DryBroadcast,524995,484882,174068,332,359,9193,17.51
2016,1,Amnat Charoen,Transplant,410780,402928,142034,346,353,2777,6.76
2016,1,Amnat Charoen,DryBroadcast,524932,507809,170861,325,336,8388,15.98
2016,1,Amnat Charoen,PlacingMachine,3164,3121,963,304,309,23,7.27
2016,2,Ang Thong,Transplant,4856,4810,3183,655,662,74,15.24
2016,2,Ang Thong,WetBroadcast,298971,296722,195958,655,660,8210,27.46
2016,2,Ang Thong,DryBroadcast,12583,11956,7223,574,604,346,27.5
2016,46,Ayutthaya,Transplant,2438,2412,1651,677,684,36,14.77
2016,46,Ayutthaya,WetBroadcast,702960,694771,448498,638,646,18333,26.08
2016,46,Ayutthaya,DryBroadcast,10892,10775,5682,522,527,344,31.58
2016,3,Bangkok Metropolis,Transplant,2237,2218,1534,686,692,25,11.18
2016,3,Bangkok Metropolis,WetBroadcast,86649,85851,56697,654,660,2293,26.46
2016,4,Bueng Kan,Transplant,282155,278629,91217,323,327,2167,7.68
2016,4,Bueng Kan,WetBroadcast,92852,91611,29267,315,319,988,10.64
2016,4,Bueng Kan,DryBroadcast,90584,89583,23794,263,266,811,8.95
2016,4,Bueng Kan,PlacingMachine,23533,23188,7156,304,309,182,7.73
2016,5,Buri Ram,Transplant,685924,675155,268255,391,397,6187,9.02
2016,5,Buri Ram,WetBroadcast,108887,107645,41573,382,386,2476,22.74
2016,5,Buri Ram,DryBroadcast,1930550,1861391,703820,365,378,57994,30.04
2016,5,Buri Ram,PlacingMachine,7697,7604,2959,384,389,90,11.69
2016,6,Chachoengsao,Transplant,9202,9136,6076,660,665,91,9.89
2016,6,Chachoengsao,WetBroadcast,537116,530316,348740,649,658,14636,27.25
2016,6,Chachoengsao,DryBroadcast,72635,71063,34771,479,489,1543,21.24
2016,7,Chai Nat,Transplant,26882,26545,17675,658,666,385,14.32
2016,7,Chai Nat,WetBroadcast,653964,639004,426813,653,668,16493,25.22
2016,7,Chai Nat,DryBroadcast,67452,66067,39818,590,603,1912,28.35
2016,8,Chaiyaphum,Transplant,526386,500701,194379,369,388,4616,8.77
2016,8,Chaiyaphum,WetBroadcast,18395,17372,6686,363,385,354,19.24
2016,8,Chaiyaphum,DryBroadcast,1005946,927281,319227,317,344,17916,17.81
2016,8,Chaiyaphum,PlacingMachine,7110,6715,2469,347,368,72,10.13
2016,9,Chanthaburi,Transplant,6309,6247,2355,373,377,66,10.46
2016,9,Chanthaburi,WetBroadcast,7586,7444,2666,351,358,149,19.64
2016,9,Chanthaburi,DryBroadcast,2950,2866,955,324,333,57,19.32
2016,10,Chiang Mai,Transplant,306819,303441,193616,631,638,3556,11.59
2016,10,Chiang Mai,WetBroadcast,94707,93748,59764,631,637,1254,13.24
2016,10,Chiang Mai,DryBroadcast,10596,10492,6854,647,653,133,12.55
2016,10,Chiang Mai,PlacingMachine,27883,27567,9591,344,348,307,11.01
2016,11,Chiang Rai,Transplant,730231,711990,437021,598,614,6879,9.42
2016,11,Chiang Rai,WetBroadcast,279585,273021,151177,541,554,4113,14.71
2016,11,Chiang Rai,DryBroadcast,145109,139902,64751,446,463,2008,13.84
2016,11,Chiang Rai,PlacingMachine,46610,45715,15626,335,342,410,8.8
2016,12,Chon Buri,Transplant,5767,5764,2906,504,504,52,9.02
2016,12,Chon Buri,WetBroadcast,47369,46457,24282,513,523,1105,23.33
2016,12,Chon Buri,DryBroadcast,18634,18231,7304,392,401,375,20.12
2016,13,Chumphon,Transplant,1139,1138,462,406,406,10,8.78
2016,13,Chumphon,WetBroadcast,2823,2819,1164,412,413,54,19.13
2016,14,Kalasin,Transplant,548722,545741,200322,365,367,4187,7.63
2016,14,Kalasin,WetBroadcast,167879,166138,64464,384,388,4088,24.35
2016,14,Kalasin,DryBroadcast,629094,616288,229663,365,373,10349,16.45
2016,14,Kalasin,PlacingMachine,98338,98125,35133,357,358,890,9.05
2016,15,Kamphaeng Phet,Transplant,23596,23135,12654,536,547,273,11.57
2016,15,Kamphaeng Phet,WetBroadcast,1113153,1108386,671883,604,606,30968,27.82
2016,15,Kamphaeng Phet,DryBroadcast,44271,43625,21377,483,490,1214,27.42
2016,16,Kanchanaburi,Transplant,3806,3754,2571,676,685,59,15.5
2016,16,Kanchanaburi,Transplant,2320,2300,1580,681,687,28,12.07
2016,16,Kanchanaburi,WetBroadcast,230181,227622,156400,679,687,5662,24.6
2016,16,Kanchanaburi,WetBroadcast,225744,223543,155626,689,696,5813,25.75
2016,16,Kanchanaburi,DryBroadcast,137742,136244,67149,487,493,3247,23.57
2016,16,Kanchanaburi,DryBroadcast,27161,26596,12919,476,486,664,24.45
2016,16,Kanchanaburi,PlacingMachine,6347,6328,2886,455,456,48,7.56
2016,17,Khon Kaen,Transplant,534106,517061,196806,368,381,3819,7.15
2016,17,Khon Kaen,WetBroadcast,74561,73372,27903,374,380,1452,19.47
2016,17,Khon Kaen,DryBroadcast,1604390,1545390,508047,317,329,30564,19.05
2016,17,Khon Kaen,PlacingMachine,127050,124852,44182,348,354,1271,10
2016,18,Krabi,Transplant,3824,3781,1257,329,332,19,4.97
2016,18,Krabi,PlacingMachine,1550,1532,472,305,308,8,5.16
2016,19,Lampang,Transplant,349434,346571,182171,521,526,4162,11.91
2016,19,Lampang,WetBroadcast,34632,34595,17885,516,517,480,13.86
2016,19,Lampang,DryBroadcast,31488,30964,15428,490,498,487,15.47
2016,20,Lamphun,Transplant,76251,75208,50188,658,667,848,11.12
2016,20,Lamphun,WetBroadcast,18634,18322,12089,649,660,270,14.49
2016,20,Lamphun,DryBroadcast,16267,16056,6140,377,382,227,13.95
2016,20,Lamphun,PlacingMachine,5810,5719,2538,437,444,53,9.12
2016,21,Loei,Transplant,273546,271350,107929,395,398,2689,9.83
2016,21,Loei,WetBroadcast,25637,25327,9799,382,387,504,19.66
2016,21,Loei,DryBroadcast,57322,56715,20496,358,361,825,14.39
2016,21,Loei,PlacingMachine,15378,15128,5323,346,352,174,11.31
2016,22,Lop Buri,Transplant,15549,15315,9112,586,595,213,13.7
2016,22,Lop Buri,WetBroadcast,471138,461489,271389,576,588,12556,26.65
2016,22,Lop Buri,DryBroadcast,217901,214450,101505,466,473,5879,26.98
2016,23,Mae Hong Son,Transplant,85362,84428,44013,516,521,946,11.08
2016,23,Mae Hong Son,PlacingMachine,75279,74532,22499,299,302,874,11.61
2016,24,Maha Sarakham,Transplant,350603,334993,123089,351,367,3012,8.59
2016,24,Maha Sarakham,WetBroadcast,177254,165690,60787,343,367,4766,26.89
2016,24,Maha Sarakham,DryBroadcast,1528862,1450318,533193,349,368,34843,22.79
2016,24,Maha Sarakham,PlacingMachine,13936,13713,4828,346,352,129,9.26
2016,25,Mukdahan,Transplant,388565,377965,145033,373,384,2903,7.47
2016,25,Mukdahan,WetBroadcast,8632,8458,3352,388,396,84,9.73
2016,25,Mukdahan,DryBroadcast,60161,58914,22315,371,379,599,9.96
2016,25,Mukdahan,PlacingMachine,32535,31764,12751,392,401,192,5.9
2016,26,Nakhon Nayok,Transplant,29562,29509,17751,600,602,427,14.44
2016,26,Nakhon Nayok,DryBroadcast,102836,101822,48222,469,474,3094,30.09
2016,27,Nakhon Pathom,WetBroadcast,321852,320525,232976,724,727,8619,26.78
2016,28,Nakhon Phanom,Transplant,690353,681156,259638,376,381,4839,7.01
2016,28,Nakhon Phanom,WetBroadcast,33870,33216,12611,372,380,416,12.28
2016,28,Nakhon Phanom,DryBroadcast,589352,577036,203861,346,353,7237,12.28
2016,28,Nakhon Phanom,PlacingMachine,20937,20488,7585,362,370,145,6.93
2016,29,Nakhon Ratchasima,Transplant,530243,517920,190494,359,368,5583,10.53
2016,29,Nakhon Ratchasima,DryBroadcast,2772485,2573256,902660,326,351,62298,22.47
2016,29,Nakhon Ratchasima,PlacingMachine,31973,31230,11522,360,369,302,9.45
2016,30,Nakhon Sawan,Transplant,38574,33395,21577,559,646,483,12.52
2016,30,Nakhon Sawan,WetBroadcast,1104492,948771,566311,513,597,30782,27.87
2016,30,Nakhon Sawan,DryBroadcast,1101113,961379,516674,469,537,29653,26.93
2016,31,Nakhon Si Thammarat,Transplant,7958,7483,3220,405,430,50,6.28
2016,31,Nakhon Si Thammarat,DryBroadcast,45658,38144,16405,359,430,817,17.89
2016,31,Nakhon Si Thammarat,PlacingMachine,1442,1383,475,329,343,9,6.24
2016,32,Nan,Transplant,160997,160943,86729,539,539,2190,13.6
2016,32,Nan,WetBroadcast,36710,36691,19281,525,525,430,11.71
2016,32,Nan,DryBroadcast,4267,4262,1743,408,409,64,15
2016,32,Nan,PlacingMachine,19627,19588,6619,337,338,227,11.57
2016,33,Narathiwat,Transplant,47937,46575,17428,364,374,289,6.03
2016,34,Nong Bua Lam Phu,Transplant,371728,349163,121708,327,349,2881,7.75
2016,34,Nong Bua Lam Phu,WetBroadcast,40236,37698,12455,310,330,569,14.14
2016,34,Nong Bua Lam Phu,DryBroadcast,247651,220717,70764,286,321,2618,10.57
2016,34,Nong Bua Lam Phu,PlacingMachine,38673,35890,12294,318,343,318,8.22
2016,35,Nong Khai,Transplant,224657,222481,88366,393,397,2139,9.52
2016,35,Nong Khai,WetBroadcast,36279,35936,14032,387,390,459,12.65
2016,35,Nong Khai,PlacingMachine,10458,10359,3592,343,347,77,7.36
2016,36,Nonthaburi,WetBroadcast,87806,87073,59791,681,687,2348,26.74
2016,37,Pathum Thani,Transplant,2850,2834,2021,709,713,52,18.25
2016,37,Pathum Thani,WetBroadcast,308523,306445,216033,700,705,8901,28.85
2016,38,Pattani,Transplant,96838,94229,36760,380,390,956,9.87
2016,38,Pattani,DryBroadcast,2399,2364,840,350,355,31,12.92
2016,39,Phangnga,Transplant,1609,1596,507,315,318,20,12.43
2016,39,Phangnga,PlacingMachine,368,365,109,296,299,3,8.15
2016,40,Phatthalung,Transplant,8418,8010,3457,411,432,70,8.32
2016,40,Phatthalung,WetBroadcast,86246,78314,34948,405,446,1898,22.01
2016,40,Phatthalung,DryBroadcast,34320,30588,13158,383,430,553,16.11
2016,41,Phayao,Transplant,399123,379020,192002,481,507,4107,10.29
2016,41,Phayao,WetBroadcast,106548,101181,41434,389,410,1688,15.84
2016,41,Phayao,DryBroadcast,102877,96481,36549,355,379,1736,16.87
2016,41,Phayao,PlacingMachine,14092,13382,5861,416,438,137,9.72
2016,42,Phetchabun,Transplant,270618,266256,164809,609,619,3532,13.05
2016,42,Phetchabun,WetBroadcast,329597,326856,196815,597,602,9713,29.47
2016,42,Phetchabun,DryBroadcast,456336,450878,216696,475,481,12987,28.46
2016,42,Phetchabun,PlacingMachine,10237,10123,4618,451,456,111,10.84
2016,43,Phetchaburi,Transplant,3256,3235,2258,693,698,35,10.75
2016,43,Phetchaburi,WetBroadcast,272678,267844,187350,687,699,7319,26.84
2016,43,Phetchaburi,DryBroadcast,13874,13782,8125,586,590,326,23.5
2016,44,Phichit,Transplant,19875,19524,12713,640,651,267,13.43
2016,44,Phichit,WetBroadcast,1006753,982883,611922,608,623,29176,28.98
2016,44,Phichit,DryBroadcast,533451,525839,295150,553,561,12408,23.26
2016,45,Phitsanulok,Transplant,88861,85908,51834,583,603,1151,12.95
2016,45,Phitsanulok,WetBroadcast,1177136,1132439,676471,575,597,32595,27.69
2016,45,Phitsanulok,DryBroadcast,35637,33528,17900,502,534,854,23.96
2016,45,Phitsanulok,PlacingMachine,2549,2464,1239,486,503,23,9.02
2016,47,Phrae,Transplant,110503,109812,65493,593,596,1336,12.09
2016,47,Phrae,WetBroadcast,112432,112010,61987,551,553,1826,16.24
2016,47,Phrae,DryBroadcast,57132,56954,28123,492,494,842,14.74
2016,47,Phrae,PlacingMachine,3564,3547,1684,473,475,28,7.86
2016,48,Phuket,Transplant,72,72,35,486,486,1,13.89
2016,49,Prachin Buri,Transplant,15823,15732,8132,514,517,160,10.11
2016,49,Prachin Buri,WetBroadcast,92296,91283,47755,517,523,2758,29.88
2016,49,Prachin Buri,DryBroadcast,289904,280238,110470,381,394,7097,24.48
2016,50,Prachuap Khiri Khan,Transplant,276,271,133,482,491,3,10.87
2016,50,Prachuap Khiri Khan,WetBroadcast,8301,7907,4059,489,513,215,25.9
2016,51,Ranong,Transplant,434,429,146,336,340,2,4.61
2016,51,Ranong,PlacingMachine,230,227,70,304,308,1,4.35
2016,53,Rayong,Transplant,1203,1197,559,465,467,9,7.48
2016,53,Rayong,WetBroadcast,12337,12207,5813,471,476,268,21.72
2016,53,Rayong,DryBroadcast,2126,2101,766,360,365,38,17.87
2016,54,Roi Et,Transplant,1023624,981391,365092,357,372,6971,6.81
2016,54,Roi Et,WetBroadcast,50263,48038,17227,343,359,1127,22.42
2016,54,Roi Et,DryBroadcast,1953543,1857348,721869,370,389,49542,25.36
2016,54,Roi Et,PlacingMachine,33258,32658,11755,353,360,332,9.98
2016,55,Sa Kaeo,Transplant,97371,88413,30292,311,343,1105,11.35
2016,55,Sa Kaeo,WetBroadcast,45465,40497,13955,307,345,935,20.57
2016,55,Sa Kaeo,DryBroadcast,578062,483780,149621,259,309,14012,24.24
2016,56,Sakon Nakhon,Transplant,1223138,1207189,455742,373,378,8807,7.2
2016,56,Sakon Nakhon,WetBroadcast,37694,37128,14188,376,382,516,13.69
2016,56,Sakon Nakhon,DryBroadcast,782692,761010,247145,316,325,9510,12.15
2016,56,Sakon Nakhon,PlacingMachine,49411,48934,18098,366,370,308,6.23
2016,57,Samut Prakan,WetBroadcast,18768,18659,14288,761,766,539,28.72
2016,58,Samut Sakhon,WetBroadcast,6048,5978,4208,696,704,166,27.45
2016,59,Samut Songkhram,WetBroadcast,2639,2634,1852,702,703,66,25.01
2016,60,Saraburi,Transplant,5495,5398,3320,604,615,74,13.47
2016,60,Saraburi,WetBroadcast,270781,267586,174728,645,653,6875,25.39
2016,60,Saraburi,DryBroadcast,51320,50769,30081,586,593,1285,25.04
2016,61,Satun,Transplant,18140,18140,7601,419,419,131,7.22
2016,61,Satun,WetBroadcast,1872,1872,821,439,439,28,14.96
2016,61,Satun,DryBroadcast,1551,1551,535,345,345,21,13.54
2016,62,Si Sa Ket,Transplant,520326,505919,205779,395,407,4922,9.46
2016,62,Si Sa Ket,DryBroadcast,2433523,2377816,842112,346,354,42781,17.58
2016,62,Si Sa Ket,PlacingMachine,18680,18434,6875,368,373,166,8.89
2016,63,Sing Buri,Transplant,6875,6754,4651,677,689,117,17.02
2016,63,Sing Buri,WetBroadcast,280777,273128,187060,666,685,6817,24.28
2016,64,Songkhla,Transplant,14654,13219,5650,386,427,143,9.76
2016,64,Songkhla,WetBroadcast,90325,73197,44899,497,613,2509,27.78
2016,64,Songkhla,DryBroadcast,85263,69118,32349,379,468,1849,21.69
2016,65,Sukhothai,Transplant,103562,102849,57244,553,557,1238,11.95
2016,65,Sukhothai,WetBroadcast,761698,754861,434068,570,575,22820,29.96
2016,65,Sukhothai,DryBroadcast,95624,94739,43034,450,454,2688,28.11
2016,66,Suphan Buri,Transplant,50253,50171,37012,737,738,762,15.16
2016,66,Suphan Buri,WetBroadcast,1091855,1087312,798250,731,734,29535,27.05
2016,66,Suphan Buri,DryBroadcast,60824,60421,36233,596,600,1727,28.39
2016,67,Surat Thani,Transplant,536,500,206,384,412,4,7.46
2016,67,Surat Thani,WetBroadcast,4996,4705,1933,387,411,104,20.82
2016,67,Surat Thani,DryBroadcast,122,117,39,320,333,2,16.39
2016,67,Surat Thani,PlacingMachine,181,174,51,282,293,1,5.52
2016,68,Surin,Transplant,78430,76139,30278,386,398,716,9.13
2016,68,Surin,WetBroadcast,236276,233850,87874,372,376,6250,26.45
2016,68,Surin,DryBroadcast,2619050,2521220,968364,370,384,63276,24.16
2016,68,Surin,PlacingMachine,137098,142674,51436,375,361,1365,9.96
2016,69,Tak,Transplant,105112,103504,46657,444,451,925,8.8
2016,69,Tak,WetBroadcast,56384,55610,25597,454,460,917,16.26
2016,69,Tak,DryBroadcast,34244,33774,11401,333,338,714,20.85
2016,69,Tak,PlacingMachine,24200,23499,7324,303,312,270,11.16
2016,70,Trang,Transplant,8690,8666,3653,420,422,53,6.1
2016,70,Trang,WetBroadcast,3027,3016,1224,404,406,57,18.83
2016,70,Trang,DryBroadcast,215,215,69,321,321,3,13.95
2016,70,Trang,PlacingMachine,131,131,40,305,305,1,7.63
2016,71,Trat,Transplant,2325,2266,940,404,415,19,8.17
2016,71,Trat,WetBroadcast,12586,12226,5031,400,412,210,16.69
2016,71,Trat,DryBroadcast,1263,1243,464,367,373,20,15.84
2016,72,Ubon Ratchathani,Transplant,1023258,1005669,365128,357,363,6273,6.13
2016,72,Ubon Ratchathani,WetBroadcast,36100,35475,13093,363,369,460,12.74
2016,72,Ubon Ratchathani,DryBroadcast,2782269,2718461,878868,316,323,33471,12.03
2016,72,Ubon Ratchathani,PlacingMachine,20849,20379,6976,335,342,150,7.19
2016,73,Udon Thani,Transplant,1140924,1105417,422132,370,382,8705,7.63
2016,73,Udon Thani,WetBroadcast,60976,59391,21487,352,362,800,13.12
2016,73,Udon Thani,DryBroadcast,475632,460678,172070,362,374,5246,11.03
2016,73,Udon Thani,PlacingMachine,62606,61507,23532,376,383,556,8.88
2016,74,Uthai Thani,Transplant,32639,31454,21003,643,668,397,12.16
2016,74,Uthai Thani,WetBroadcast,384632,366183,241821,629,660,10816,28.12
2016,74,Uthai Thani,DryBroadcast,58647,56518,25304,431,448,1861,31.73
2016,75,Uttaradit,Transplant,76386,75458,45285,593,600,909,11.9
2016,75,Uttaradit,DryBroadcast,41276,40774,17189,416,422,1082,26.21
2016,76,Yala,Transplant,18638,18342,6082,326,332,130,6.97
2016,77,Yasothon,Transplant,406010,389694,141365,348,363,2716,6.69
2016,77,Yasothon,WetBroadcast,21473,20911,7360,343,352,287,13.37
2016,77,Yasothon,DryBroadcast,863862,821322,291383,337,355,14953,17.31
2016,77,Yasothon,PlacingMachine,6208,6087,2040,329,335,49,7.89